"ğŸ“","Baseline","1","baseline-program","","","2020-10-03"
"ğŸ—ï¸","Foundation Light","1","foundation-light-program","","","2021-03-03"
"ğŸ’“","Vitality","1","vitality-program","Level 0.5","",""
"ğŸ’¥","30 Days of Cardio Blast","2","30-days-of-cardio-blast","","",""
"ğŸ§˜","30 Days of Yoga","2","30-days-of-yoga","","","2020-07-05"
"ğŸš¶","60 Days of Cardio","2","60-days-of-cardio","","60",""
"â®ï¸","Back & Core","2","back-and-core","","",""
"ğŸš½","Cardio Go!","2","cardio-go","","",""
"ğŸ§®","Totals","2","totals-program","","",""
"ğŸ ","Foundation","2","foundation-program","","",""
"ğŸ¥‹","Zero Hero","2","zero-hero","Fitness Adventure","","2020-12-03"
"ğŸ’°","30 Days of Change","3","30-days-of-change","","",""
"ğŸŒ","30 Days of Gravity","3","30-days-of-gravity","","",""
"ğŸ“…","30 Days of HIIT","3","30-days-of-hiit","","",""
"ğŸ’ª","30 Days of Strength","3","30-days-of-strength","","",""
"ğŸ¬","90 Days of Action","3","90-days-of-action","","90","",""
"ğŸˆ","Age of Pandora","3","age-of-pandora","RPG, Interactive, Storyline","60",""
"ğŸ‘©","Athena's Playbook","3","athenas-playbook","","",""
"âœ‚ï¸","Cardio Trim","3","cardio-trim","","",""
"ğŸ‘Š","Combat HIIT","3","combat-hiit","","",""
"ğŸ˜£","Core Strength","3","core-strength","","",""
"5ï¸âƒ£","Epic Five","3","epic-five","","31",""
"âš”ï¸","Fighter's Codex","3","fighters-codex","","",""
"ğŸ”","Full Circuit","3","full-circuit","","",""
"ğŸ¦¸","Hero's Journey","3","hero-journey","RPG, Storyline","60",""
"ğŸ”¨","Ironborn","3","ironborn-program","","",""
"ğŸ”¼","Power-Up","3","power-up","","",""
"ğŸ¤¼","Spartan Trials","3","spartan-trials","","",""
"ğŸ˜¥","Total Abs","3","total-abs","","",""
"âŒ","Xpress Tone","3","express-tone","","",""
"ğŸ—“ï¸","30 Days of HIIT Advanced","4","30-days-of-hiit-advanced","","",""
"ğŸ²","Avatar Upgrade","4","avatar-program","Points Base, Interactive","",""
"ğŸ’¨","Carbon & Dust","4","carbon-and-dust","Storyline","",""
"ğŸƒ","Cardio Trim Run","4","cardio-trim-run","","",""
"ğŸ––","Military Fit","4","military-fit","","",""
"ğŸ‹ï¸","Strength Protocol","4","strength-protocol","","",""
"ğŸ–ï¸","Military Fit Plus","5","military-fit-plus","Level 4.5","",""
"ğŸ¥Š","Boxer Prime","5","boxer-prime","","",""
"ğŸ¦µ","Power Cardio","5","power-cardio","","",""
